{"W":[0.2422453,-0.05193773,0.290500134,0.331081152,0.0276779123,0.003113449,-0.0803171247,0.0304444153,0.0110771311,0.0520861223,-7.617356E-05,0.0146747958,0.0254369956],"B":0.2422453,"Lambda":10.0,"Affine":true}