{"W":[7.34436035,-0.00363324746,0.4684714,-0.348545283,-0.03883453,0.000223102979,-0.0110175209,-2.619943,-1.35389173,-2.76718378,-0.6476693,0.000148645224,-0.000269044],"B":7.34436035,"Lambda":0.01,"Affine":true}